table,country,metric,count,rows,percent
test_source1,France,differs_v1:name_latin_accent_key,40788,259452,15.7208
test_source1,France,flag:address_multispace,281,259452,0.1083
test_source1,France,flag:any_control,2,259452,0.0008
test_source1,France,flag:name_has_control,2,259452,0.0008
test_source1,France,flag:name_mojibake,2,259452,0.0008
test_source1,France,repair:address:punct,2091,259452,0.8059
test_source1,France,repair:address:ws,281,259452,0.1083
test_source1,France,repair:name:controls,2,259452,0.0008
test_source1,France,rows,259452,259452,100.0000
test_source1,India,differs_v1:address_clean,457,809986,0.0564
test_source1,India,differs_v1:name_apos_join_key,94,809986,0.0116
test_source1,India,differs_v1:name_hyg,83,809986,0.0102
test_source1,India,flag:address_has_control,527,809986,0.0651
test_source1,India,flag:address_mojibake,527,809986,0.0651
test_source1,India,flag:any_control,527,809986,0.0651
test_source1,India,repair:address:controls,527,809986,0.0651
test_source1,India,repair:address:ws,456,809986,0.0563
test_source1,India,repair:name:dotted,83,809986,0.0102
test_source1,India,rows,809986,809986,100.0000
test_source1,US,differs_v1:name_apos_join_key,53916,663106,8.1308
test_source1,US,differs_v1:name_hyg,30715,663106,4.6320
test_source1,US,flag:address_multispace,472,663106,0.0712
test_source1,US,repair:address:ws,472,663106,0.0712
test_source1,US,repair:name:dotted,30715,663106,4.6320
test_source1,US,rows,663106,663106,100.0000
test_source2,France,differs_v1:address_clean,46723,703378,6.6427
test_source2,France,differs_v1:name_apos_join_key,38314,703378,5.4471
test_source2,France,differs_v1:name_hyg,38314,703378,5.4471
test_source2,France,differs_v1:name_latin_accent_key,172616,703378,24.5410
test_source2,France,flag:address_missing,21537,703378,3.0619
test_source2,France,flag:address_multispace,568,703378,0.0808
test_source2,France,flag:any_control,2,703378,0.0003
test_source2,France,flag:name_has_control,2,703378,0.0003
test_source2,France,flag:name_mojibake,2,703378,0.0003
test_source2,France,flag:name_multispace,64090,703378,9.1117
test_source2,France,repair:address:punct,51728,703378,7.3542
test_source2,France,repair:address:ws,568,703378,0.0808
test_source2,France,repair:name:controls,2,703378,0.0003
test_source2,France,repair:name:dotted,38314,703378,5.4471
test_source2,France,repair:name:ws,64090,703378,9.1117
test_source2,France,rows,703378,703378,100.0000
test_source2,India,differs_v1:address_clean,1185,2312565,0.0512
test_source2,India,differs_v1:name_apos_join_key,47380,2312565,2.0488
test_source2,India,differs_v1:name_hyg,47353,2312565,2.0476
test_source2,India,differs_v1:name_joiner_key,31104,2312565,1.3450
test_source2,India,differs_v1:name_latin_accent_key,92008,2312565,3.9786
test_source2,India,flag:address_has_control,1363,2312565,0.0589
test_source2,India,flag:address_missing,52764,2312565,2.2816
test_source2,India,flag:address_mojibake,1363,2312565,0.0589
test_source2,India,flag:address_multispace,29205,2312565,1.2629
test_source2,India,flag:any_control,1363,2312565,0.0589
test_source2,India,flag:any_format,31104,2312565,1.3450
test_source2,India,flag:name_has_format,31104,2312565,1.3450
test_source2,India,flag:name_multispace,225009,2312565,9.7298
test_source2,India,repair:address:controls,1363,2312565,0.0589
test_source2,India,repair:address:ws,30378,2312565,1.3136
test_source2,India,repair:name:dotted,16249,2312565,0.7026
test_source2,India,repair:name:joiners,31104,2312565,1.3450
test_source2,India,repair:name:ws,225009,2312565,9.7298
test_source2,India,rows,2312565,2312565,100.0000
test_source2,US,differs_v1:name_apos_join_key,136776,1871330,7.3090
test_source2,US,differs_v1:name_hyg,78047,1871330,4.1707
test_source2,US,differs_v1:name_latin_accent_key,116927,1871330,6.2483
test_source2,US,flag:address_missing,55107,1871330,2.9448
test_source2,US,flag:address_multispace,52966,1871330,2.8304
test_source2,US,flag:name_multispace,211138,1871330,11.2828
test_source2,US,repair:address:ws,52966,1871330,2.8304
test_source2,US,repair:name:dotted,78047,1871330,4.1707
test_source2,US,repair:name:ws,211138,1871330,11.2828
test_source2,US,rows,1871330,1871330,100.0000
test_source3,France,differs_v1:address_clean,47103,731615,6.4382
test_source3,France,differs_v1:name_apos_join_key,39266,731615,5.3670
test_source3,France,differs_v1:name_hyg,39266,731615,5.3670
test_source3,France,differs_v1:name_latin_accent_key,175182,731615,23.9446
test_source3,France,flag:address_missing,21541,731615,2.9443
test_source3,France,flag:address_multispace,42,731615,0.0057
test_source3,France,flag:any_control,5,731615,0.0007
test_source3,France,flag:name_has_control,5,731615,0.0007
test_source3,France,flag:name_mojibake,5,731615,0.0007
test_source3,France,flag:name_multispace,58135,731615,7.9461
test_source3,France,repair:address:punct,52216,731615,7.1371
test_source3,France,repair:address:ws,42,731615,0.0057
test_source3,France,repair:name:controls,5,731615,0.0007
test_source3,France,repair:name:dotted,39266,731615,5.3670
test_source3,France,repair:name:ws,58135,731615,7.9461
test_source3,France,rows,731615,731615,100.0000
test_source3,India,differs_v1:address_clean,1016,2405000,0.0422
test_source3,India,differs_v1:name_apos_join_key,36418,2405000,1.5143
test_source3,India,differs_v1:name_hyg,36388,2405000,1.5130
test_source3,India,differs_v1:name_joiner_key,17468,2405000,0.7263
test_source3,India,differs_v1:name_latin_accent_key,117264,2405000,4.8758
test_source3,India,flag:address_has_control,1175,2405000,0.0489
test_source3,India,flag:address_missing,59240,2405000,2.4632
test_source3,India,flag:address_mojibake,1175,2405000,0.0489
test_source3,India,flag:any_control,1175,2405000,0.0489
test_source3,India,flag:any_format,17468,2405000,0.7263
test_source3,India,flag:name_has_format,17468,2405000,0.7263
test_source3,India,flag:name_multispace,248382,2405000,10.3277
test_source3,India,repair:address:controls,1175,2405000,0.0489
test_source3,India,repair:address:ws,1013,2405000,0.0421
test_source3,India,repair:name:dotted,18920,2405000,0.7867
test_source3,India,repair:name:joiners,17468,2405000,0.7263
test_source3,India,repair:name:ws,248382,2405000,10.3277
test_source3,India,rows,2405000,2405000,100.0000
test_source3,US,differs_v1:name_apos_join_key,142070,1945701,7.3017
test_source3,US,differs_v1:name_hyg,80886,1945701,4.1572
test_source3,US,differs_v1:name_latin_accent_key,124427,1945701,6.3950
test_source3,US,flag:address_missing,55317,1945701,2.8430
test_source3,US,flag:address_multispace,3084,1945701,0.1585
test_source3,US,flag:name_multispace,213079,1945701,10.9513
test_source3,US,repair:address:ws,3084,1945701,0.1585
test_source3,US,repair:name:dotted,80886,1945701,4.1572
test_source3,US,repair:name:ws,213079,1945701,10.9513
test_source3,US,rows,1945701,1945701,100.0000
train_source1,India,differs_v1:address_clean,539,883188,0.0610
train_source1,India,differs_v1:name_apos_join_key,78,883188,0.0088
train_source1,India,differs_v1:name_hyg,67,883188,0.0076
train_source1,India,flag:address_has_control,604,883188,0.0684
train_source1,India,flag:address_mojibake,603,883188,0.0683
train_source1,India,flag:any_control,604,883188,0.0684
train_source1,India,flag:name_has_control,1,883188,0.0001
train_source1,India,flag:name_mojibake,1,883188,0.0001
train_source1,India,repair:address:controls,604,883188,0.0684
train_source1,India,repair:address:ws,492,883188,0.0557
train_source1,India,repair:name:controls,1,883188,0.0001
train_source1,India,repair:name:dotted,67,883188,0.0076
train_source1,India,rows,883188,883188,100.0000
train_source1,US,differs_v1:name_apos_join_key,108087,1323633,8.1659
train_source1,US,differs_v1:name_hyg,62220,1323633,4.7007
train_source1,US,flag:address_has_control,1,1323633,0.0001
train_source1,US,flag:address_multispace,968,1323633,0.0731
train_source1,US,flag:any_control,1,1323633,0.0001
train_source1,US,repair:address:controls,1,1323633,0.0001
train_source1,US,repair:address:ws,968,1323633,0.0731
train_source1,US,repair:name:dotted,62220,1323633,4.7007
train_source1,US,rows,1323633,1323633,100.0000
train_source2,India,differs_v1:address_clean,1116,2017799,0.0553
train_source2,India,differs_v1:name_apos_join_key,38336,2017799,1.8999
train_source2,India,differs_v1:name_hyg,38313,2017799,1.8988
train_source2,India,differs_v1:name_joiner_key,25643,2017799,1.2708
train_source2,India,differs_v1:name_latin_accent_key,88092,2017799,4.3657
train_source2,India,flag:address_has_control,1232,2017799,0.0611
train_source2,India,flag:address_missing,57846,2017799,2.8668
train_source2,India,flag:address_mojibake,1231,2017799,0.0610
train_source2,India,flag:address_multispace,24620,2017799,1.2201
train_source2,India,flag:any_control,1232,2017799,0.0611
train_source2,India,flag:any_format,25643,2017799,1.2708
train_source2,India,flag:name_has_control,3,2017799,0.0001
train_source2,India,flag:name_has_format,25643,2017799,1.2708
train_source2,India,flag:name_mojibake,3,2017799,0.0001
train_source2,India,flag:name_multispace,202528,2017799,10.0371
train_source2,India,repair:address:controls,1232,2017799,0.0611
train_source2,India,repair:address:ws,25621,2017799,1.2697
train_source2,India,repair:name:controls,3,2017799,0.0001
train_source2,India,repair:name:dotted,12670,2017799,0.6279
train_source2,India,repair:name:joiners,25643,2017799,1.2708
train_source2,India,repair:name:ws,202528,2017799,10.0371
train_source2,India,rows,2017799,2017799,100.0000
train_source2,US,differs_v1:name_apos_join_key,225646,3016817,7.4796
train_source2,US,differs_v1:name_hyg,131090,3016817,4.3453
train_source2,US,differs_v1:name_latin_accent_key,202171,3016817,6.7015
train_source2,US,flag:address_missing,111121,3016817,3.6834
train_source2,US,flag:address_multispace,82954,3016817,2.7497
train_source2,US,flag:name_multispace,351864,3016817,11.6634
train_source2,US,repair:address:ws,82954,3016817,2.7497
train_source2,US,repair:name:dotted,131090,3016817,4.3453
train_source2,US,repair:name:ws,351864,3016817,11.6634
train_source2,US,rows,3016817,3016817,100.0000
train_source3,India,differs_v1:address_clean,949,2115547,0.0449
train_source3,India,differs_v1:name_apos_join_key,30392,2115547,1.4366
train_source3,India,differs_v1:name_hyg,30364,2115547,1.4353
train_source3,India,differs_v1:name_joiner_key,14514,2115547,0.6861
train_source3,India,differs_v1:name_latin_accent_key,112648,2115547,5.3248
train_source3,India,flag:address_has_control,1071,2115547,0.0506
train_source3,India,flag:address_missing,64948,2115547,3.0700
train_source3,India,flag:address_mojibake,1070,2115547,0.0506
train_source3,India,flag:any_control,1072,2115547,0.0507
train_source3,India,flag:any_format,14514,2115547,0.6861
train_source3,India,flag:name_has_control,1,2115547,0.0000
train_source3,India,flag:name_has_format,14514,2115547,0.6861
train_source3,India,flag:name_mojibake,1,2115547,0.0000
train_source3,India,flag:name_multispace,222899,2115547,10.5362
train_source3,India,repair:address:controls,1071,2115547,0.0506
train_source3,India,repair:address:ws,894,2115547,0.0423
train_source3,India,repair:name:controls,1,2115547,0.0000
train_source3,India,repair:name:dotted,15850,2115547,0.7492
train_source3,India,repair:name:joiners,14514,2115547,0.6861
train_source3,India,repair:name:ws,222899,2115547,10.5362
train_source3,India,rows,2115547,2115547,100.0000
train_source3,US,differs_v1:name_apos_join_key,237501,3170056,7.4920
train_source3,US,differs_v1:name_hyg,138319,3170056,4.3633
train_source3,US,differs_v1:name_latin_accent_key,215565,3170056,6.8000
train_source3,US,flag:address_missing,110968,3170056,3.5005
train_source3,US,flag:address_multispace,4874,3170056,0.1538
train_source3,US,flag:name_multispace,352717,3170056,11.1265
train_source3,US,repair:address:ws,4874,3170056,0.1538
train_source3,US,repair:name:dotted,138319,3170056,4.3633
train_source3,US,repair:name:ws,352717,3170056,11.1265
train_source3,US,rows,3170056,3170056,100.0000
