table,country,view,rows,distinct_keys,rows_sharing_a_key,percent_rows_sharing,largest_group
train_source1,India,name_key,883188,559665,392116,44.4,99
train_source1,US,name_key,1323633,961759,474025,35.81,253
train_source1,India,name_hyg,883188,559664,392118,44.4,99
train_source1,US,name_hyg,1323633,957099,479875,36.25,253
train_source1,India,name_latin_accent_key,883188,559665,392116,44.4,99
train_source1,US,name_latin_accent_key,1323633,961759,474025,35.81,253
train_source1,India,name_core,883188,479954,473285,53.59,194
train_source1,US,name_core,1323633,828729,630744,47.65,572
train_source1,India,name_core_fold,883188,479954,473285,53.59,194
train_source1,US,name_core_fold,1323633,828729,630744,47.65,572
train_source1,India,name_core_trim,883188,473031,481436,54.51,233
train_source1,US,name_core_trim,1323633,826111,633606,47.87,573
train_source1,India,name_core_set,883188,475796,479785,54.32,195
train_source1,US,name_core_set,1323633,826286,633746,47.88,572
train_source1,India,name_core_compact,883188,479732,473574,53.62,194
train_source1,US,name_core_compact,1323633,828598,630946,47.67,572
train_source1,India,name_skeleton,883188,379330,584413,66.17,396
train_source1,US,name_skeleton,1323633,778101,694031,52.43,740
test_source1,France,name_key,259452,192936,88456,34.09,205
test_source1,India,name_key,809986,518593,354418,43.76,98
test_source1,US,name_key,663106,517095,193133,29.13,123
test_source1,France,name_hyg,259452,192936,88456,34.09,205
test_source1,India,name_hyg,809986,518593,354418,43.76,98
test_source1,US,name_hyg,663106,515138,195584,29.5,123
test_source1,France,name_latin_accent_key,259452,192254,89267,34.41,205
test_source1,India,name_latin_accent_key,809986,518593,354418,43.76,98
test_source1,US,name_latin_accent_key,663106,517095,193133,29.13,123
test_source1,France,name_core,259452,161359,124137,47.85,530
test_source1,India,name_core,809986,445471,428170,52.86,183
test_source1,US,name_core,663106,459921,264417,39.88,273
test_source1,France,name_core_fold,259452,160440,125217,48.26,530
test_source1,India,name_core_fold,809986,445471,428170,52.86,183
test_source1,US,name_core_fold,663106,459921,264417,39.88,273
test_source1,France,name_core_trim,259452,159392,126017,48.57,530
test_source1,India,name_core_trim,809986,439208,435660,53.79,227
test_source1,US,name_core_trim,663106,458754,265821,40.09,273
test_source1,France,name_core_set,259452,158901,127253,49.05,530
test_source1,India,name_core_set,809986,441816,433848,53.56,183
test_source1,US,name_core_set,663106,458926,265733,40.07,273
test_source1,France,name_core_compact,259452,161332,124179,47.86,530
test_source1,India,name_core_compact,809986,445277,428450,52.9,184
test_source1,US,name_core_compact,663106,459878,264495,39.89,273
test_source1,France,name_skeleton,259452,111501,178777,68.91,535
test_source1,India,name_skeleton,809986,353878,530096,65.45,366
test_source1,US,name_skeleton,663106,439339,291549,43.97,366
