script,token,translit,skeleton_coarse,last,second_last,first,names_in_script,auto_latin_match
Devanagari,लिमिटेड,limited,lnt,296629,6,0,427427,limited
Devanagari,प्राइवेट,praivet,prvt,0,246466,0,427427,private
Devanagari,प्रा,pra,pr,0,55393,0,427427,
Devanagari,लि,li,l,55393,0,0,427427,
Devanagari,एलएलपी,elelpi,elp,24298,0,0,427427,
Devanagari,limited,limited,lnt,11089,0,0,427427,limited
Devanagari,private,private,prvt,0,9189,0,427427,private
Devanagari,इंजीनियरिंग,imjiniyrimg,injnrnk,852,1778,0,427427,
Devanagari,कंस्ट्रक्शंस,kmstrksms,knstrksns,872,1729,0,427427,
Devanagari,टेक्नोलॉजीज,teknolojij,tknlj,830,1743,0,427427,
Devanagari,इंडस्ट्रीज,imdstrij,intstrj,847,1718,0,427427,
Devanagari,एंटरप्राइजेज,emtrpraijej,entrprj,797,1754,0,427427,
Devanagari,ट्रेडिंग,tredimg,trtnk,797,1693,0,427427,
Devanagari,फूड्स,phuds,fts,749,1739,0,427427,
Devanagari,सॉल्यूशंस,solyusms,slsns,769,1678,0,427427,
Devanagari,ग्लोबल,globl,klpl,636,1757,4123,427427,
Devanagari,इंटरनेशनल,imtrnesnl,intrnsnl,655,1697,3989,427427,
Devanagari,टेक,tek,tk,574,1767,4132,427427,
Devanagari,एग्रो,egro,ekr,723,1462,0,427427,
Devanagari,इंफ्रास्ट्रक्चर,imphrastrkcr,infrstrkr,731,1452,0,427427,
Devanagari,आईटी,aiti,at,673,1507,0,427427,
Devanagari,फाउंडेशन,phaumdesn,fntsn,670,1503,0,427427,
Devanagari,डेवलपर्स,devlprs,tvlprs,688,1462,0,427427,
Devanagari,एनर्जी,enrji,enrj,629,1515,0,427427,
Devanagari,हेल्थकेयर,helthkeyr,hltkr,705,1437,0,427427,
Devanagari,बिल्डर्स,bildrs,pltrs,638,1498,0,427427,
Devanagari,मैनेजमेंट,mainejmemt,njnt,622,1509,0,427427,
Devanagari,इंफोटेक,imphotek,inftk,647,1481,0,427427,
Devanagari,कंसल्टिंग,kmsltimg,knsltnk,652,1467,0,427427,
Devanagari,हॉस्पिटैलिटी,hospitailiti,hsptlt,695,1423,0,427427,
Bengali,লিমিটেড,limited,lnt,40348,0,0,48867,limited
Bengali,প্রাইভেট,praibhet,prpt,0,34548,0,48867,
Bengali,এলএলপি,elelpi,elp,2696,0,0,48867,
Bengali,limited,limited,lnt,1222,0,0,48867,limited
Bengali,private,private,prvt,0,1036,0,48867,private
Bengali,ট্রেডিং,tredim,trtn,104,238,0,48867,
Bengali,এন্টারপ্রাইজেস,entarpraijes,entrprjs,114,213,0,48867,
Bengali,সলিউশনস,sliusns,slsns,108,194,0,48867,
Bengali,আইটি,aiti,at,79,221,0,48867,
Bengali,টেকনোলজিস,teknoljis,tknljs,117,182,0,48867,
Bengali,ইঞ্জিনিয়ারিং,injiniy'arim,injn arn,88,208,0,48867,
Bengali,কনস্ট্রাকশনস,knstraksns,knstrksns,102,193,0,48867,
Bengali,গ্লোবাল,global,klpl,68,223,460,48867,
Bengali,ইন্ডাস্ট্রিজ,indastrij,intstrj,83,203,0,48867,
Bengali,সিস্টেমস,sistems,stns,80,202,0,48867,
Bengali,ফুডস,phuds,fts,102,177,0,48867,
Bengali,ইন্টারন্যাশনাল,intarnyasnal,intrnsnl,76,203,475,48867,
Bengali,বিজনেস,bijnes,pjns,68,200,0,48867,
Bengali,সফটওয়্যার,sphtoy'yar,sft ir,71,196,0,48867,
Bengali,ইনভেস্টমেন্ট,inbhestment,inpstnt,78,182,0,48867,
Bengali,সার্ভিসেস,sarbhises,srps,72,186,0,48867,
Bengali,বিল্ডার্স,bildars,pltrs,95,162,0,48867,
Bengali,এনার্জি,enarji,enrj,95,160,0,48867,
Bengali,টেক,tek,tk,72,182,513,48867,
Bengali,এস্টেট,estet,est,73,179,0,48867,
Bengali,ltd,ltd,lt,249,0,0,48867,ltd
Bengali,pvt,pvt,pvt,0,249,0,48867,pvt
Bengali,টেকনোলজি,teknolji,tknlj,76,171,0,48867,
Bengali,ইম্পেক্স,impeks,inpks,65,181,0,48867,
Bengali,ফাইন্যান্স,phainyans,fns,70,175,0,48867,
Gurmukhi,ਲਿਮਟਿਡ,limtid,lnt,7373,0,0,10794,limited
Gurmukhi,ਪ੍ਰਾਈਵੇਟ,praivet,prvt,0,6091,0,10794,private
Gurmukhi,ਲਿ,li,l,1444,0,0,10794,
Gurmukhi,ਪ੍ਰਾ,pra,pr,0,1444,0,10794,
Gurmukhi,ਐਲਐਲਪੀ,ailailpi,alp,588,0,0,10794,
Gurmukhi,limited,limited,lnt,297,0,0,10794,limited
Gurmukhi,private,private,prvt,0,245,0,10794,private
Gurmukhi,ਐਂਟਰਪ੍ਰਾਈਜ਼ਿਜ਼,aimtrpraij'ij',antrprj ij,31,57,0,10794,
Gurmukhi,ਫੂਡਜ਼,phudj',ftj,22,65,0,10794,
Gurmukhi,ਇੰਡਸਟ੍ਰੀਜ਼,imdstrij',intstrj,13,62,0,10794,
Gurmukhi,ਪਾਵਰ,pavr,pvr,30,44,0,10794,
Gurmukhi,ਸਿਸਟਮਜ਼,sistmj',stnj,20,52,0,10794,
Gurmukhi,ਪ੍ਰੋਜੈਕਟਸ,projaikts,prjkts,26,45,0,10794,
Gurmukhi,ਟੈਕ,taik,tk,19,51,115,10794,
Gurmukhi,ਟੈਕਨਾਲੋਜੀਜ਼,taiknalojij',tknlj,24,45,0,10794,
Gurmukhi,ਇਸਟੇਟ,istet,ist,15,53,0,10794,
Gurmukhi,ਇੰਜੀਨੀਅਰਿੰਗ,imjiniarimg,injnrnk,23,42,0,10794,
Gurmukhi,ਟ੍ਰੇਡਿੰਗ,tredimg,trtnk,19,45,0,10794,
Gurmukhi,ਕੰਸਲਟਿੰਗ,kmsltimg,knsltnk,28,35,0,10794,
Gurmukhi,ਟੈਕਨਾਲੋਜੀ,taiknaloji,tknlj,30,33,0,10794,
Gurmukhi,ਇਨਵੈਸਟਮੈਂਟਸ,invaistmaimts,invstnts,22,40,0,10794,
Gurmukhi,ਇਨਫ੍ਰਾ,inphra,infr,11,51,0,10794,
Gurmukhi,ਮੀਡੀਆ,midia,nt,23,38,0,10794,
Gurmukhi,ਕੰਸਲਟੈਂਸੀ,kmsltaimsi,knsltns,13,45,0,10794,
Gurmukhi,ਹਾਸਪਿਟੈਲਿਟੀ,haspitailiti,hsptlt,16,42,0,10794,
Gurmukhi,ਕੰਸਟ੍ਰਕਸ਼ਨ,kmstrks'n,knstrks n,22,35,0,10794,
Gurmukhi,ਕੇਅਰ,kear,kr,19,38,0,10794,
Gurmukhi,ਮੈਨੇਜਮੈਂਟ,mainejmaimt,njnt,21,36,0,10794,
Gurmukhi,ਸੋਲਿਊਸ਼ਨਜ਼,solius'nj',sls nj,21,35,0,10794,
Gurmukhi,ਇਨਫੋਟੈਕ,inphotaik,inftk,20,36,0,10794,
Gujarati,લિમિટેડ,limited,lnt,33910,0,0,48949,limited
Gujarati,પ્રાઇવેટ,praivet,prvt,0,28199,0,48949,private
Gujarati,લિ,li,l,6267,0,0,48949,
Gujarati,પ્રા,pra,pr,0,6267,0,48949,
Gujarati,એલએલપી,elelpi,elp,2697,0,0,48949,
Gujarati,limited,limited,lnt,1266,0,0,48949,limited
Gujarati,private,private,prvt,0,1083,0,48949,private
Gujarati,ટ્રેડિંગ,tredimg,trtnk,104,205,0,48949,
Gujarati,ફૂડ્સ,phuds,fts,98,206,0,48949,
Gujarati,ટેક્નોલોજીસ,teknolojis,tknljs,94,205,0,48949,
Gujarati,એન્ટરપ્રાઇઝિસ,entrpraijhis,entrprjs,91,205,0,48949,
Gujarati,સોલ્યુશન્સ,solyusns,slsns,114,179,0,48949,
Gujarati,ગ્લોબલ,globl,klpl,66,220,469,48949,
Gujarati,કન્સ્ટ્રક્શન્સ,knstrksns,knstrksns,92,182,0,48949,
Gujarati,પ્રોડ્યુસર,prodyusr,prtsr,96,176,0,48949,
Gujarati,પ્રોડક્ટ્સ,prodkts,prtkts,90,180,0,48949,
Gujarati,હેલ્થકેર,helthker,hltkr,93,176,0,48949,
Gujarati,મેનેજમેન્ટ,menejment,njnt,83,186,0,48949,
Gujarati,ઇન્ટરનેશનલ,intrnesnl,intrnsnl,81,187,418,48949,
Gujarati,એસ્ટેટ,estet,est,102,165,0,48949,
Gujarati,કન્સ્ટ્રક્શન,knstrksn,knstrksn,96,167,0,48949,
Gujarati,ઇન્ડસ્ટ્રીઝ,indstrijh,intstrj,88,174,0,48949,
Gujarati,પ્રોપર્ટીઝ,proprtijh,prprtj,96,165,0,48949,
Gujarati,પ્રોજેક્ટ્સ,projekts,prjkts,85,175,0,48949,
Gujarati,કન્સલ્ટન્ટ્સ,knsltnts,knsltnts,77,183,0,48949,
Gujarati,ઇન્વેસ્ટમેન્ટ્સ,investments,invstnts,75,185,0,48949,
Gujarati,કેર,ker,kr,110,150,0,48949,
Gujarati,ટેક્નોલોજી,teknoloji,tknlj,88,170,0,48949,
Gujarati,એક્સપોર્ટ્સ,eksports,eksprts,73,184,0,48949,
Gujarati,ટેક,tek,tk,60,192,569,48949,
Oriya,ଲିମିଟେଡ୍,limited,lnt,9658,0,0,11810,limited
Oriya,ପ୍ରାଇଭେଟ୍,praibhet,prpt,0,8353,0,11810,
Oriya,ଏଲ୍ଏଲ୍ପି,elelpi,elp,659,0,0,11810,
Oriya,limited,limited,lnt,302,0,0,11810,limited
Oriya,private,private,prvt,0,250,0,11810,private
Oriya,ଫୁଡ୍ସ୍,phuds,fts,29,68,0,11810,
Oriya,ଇଣ୍ଡଷ୍ଟ୍ରିଜ୍,indstrij,intstrj,21,68,0,11810,
Oriya,ଆଗ୍ରୋ,agro,akr,20,68,0,11810,
Oriya,ପ୍ରୋଜେକ୍ଟସ୍,projekts,prjkts,22,57,0,11810,
Oriya,କନସଲଟିଂ,knsltim,knsltn,20,57,0,11810,
Oriya,ଇଣ୍ଟରନ୍ୟାସନାଲ୍,intrnyasnal,intrnsnl,29,46,109,11810,
Oriya,ଟେକ୍,tek,tk,23,50,122,11810,
Oriya,ଇନଫ୍ରାଷ୍ଟ୍ରକଚର୍,inphrastrkcr,infrstrkr,22,50,0,11810,
Oriya,ଇଞ୍ଜିନିୟରିଂ,injiniyrim,injnrn,23,49,0,11810,
Oriya,ସଲ୍ୟୁସନ୍ସ୍,slyusns,slsns,26,45,0,11810,
Oriya,ଏନର୍ଜି,enrji,enrj,23,48,0,11810,
Oriya,ଗ୍ଲୋବାଲ୍,global,klpl,22,48,107,11810,
Oriya,ବିଜନେସ୍,bijnes,pjns,33,35,0,11810,
Oriya,ଏଷ୍ଟେଟ୍,estet,est,16,52,0,11810,
Oriya,କେୟାର୍,keyar,kr,16,51,0,11810,
Oriya,ମ୍ୟାନେଜମେଣ୍ଟ୍,myanejment,njnt,28,38,0,11810,
Oriya,ଫାଉଣ୍ଡେସନ୍,phaundesn,fntsn,28,38,0,11810,
Oriya,ପାୱାର୍,pawar,pvr,26,40,0,11810,
Oriya,ହସ୍ପିଟାଲିଟି,hspitaliti,hsptlt,22,44,0,11810,
Oriya,ଫୁଡ୍,phud,ft,25,39,0,11810,
Oriya,ଇନଫୋଟେକ୍,inphotek,inftk,24,39,0,11810,
Oriya,ଫାଇନାନ୍ସ୍,phainans,fns,12,50,0,11810,
Oriya,ପ୍ରୋଡ୍ୟୁସର୍,prodyusr,prtsr,27,34,0,11810,
Oriya,ଡେଭଲପର୍ସ୍,debhlprs,tplprs,16,45,0,11810,
Oriya,ଟ୍ରେଡିଂ,tredim,trtn,17,44,0,11810,
Tamil,லிமிடெட்,limitet,lnt,44199,0,0,53571,limited
Tamil,பிரைவேட்,piraivet,prvt,0,38080,0,53571,private
Tamil,எல்எல்பி,elelpi,elp,2913,0,0,53571,
Tamil,limited,limited,lnt,1402,0,0,53571,limited
Tamil,private,private,prvt,0,1185,0,53571,private
Tamil,எண்டர்பிரைசஸ்,entrpiraics,entrprks,107,250,0,53571,
Tamil,கன்ஸ்ட்ரக்ஷன்ஸ்,knstrksns,knstrksns,119,226,0,53571,
Tamil,இன்ஜினியரிங்,injiniyrin,injnrn,105,208,0,53571,
Tamil,ஃபுட்ஸ்,kputs,kpts,104,208,0,53571,
Tamil,புராஜெக்ட்ஸ்,purajekts,prjkts,123,176,0,53571,
Tamil,சொல்யூஷன்ஸ்,colyusns,klsns,98,201,0,53571,
Tamil,டெக்னாலஜீஸ்,teknaljis,tknljs,85,211,0,53571,
Tamil,வென்ச்சர்ஸ்,venccrs,vnkrs,86,209,0,53571,
Tamil,இண்டஸ்ட்ரீஸ்,intstris,intstrs,95,199,0,53571,
Tamil,கன்சல்டன்ட்ஸ்,kncltnts,knkltnts,102,192,0,53571,
Tamil,எக்ஸ்போர்ட்ஸ்,eksports,eksprts,99,194,0,53571,
Tamil,எஸ்டேட்,estet,est,83,208,0,53571,
Tamil,ஃபைனான்ஸ்,kpainans,kpns,94,195,0,53571,
Tamil,டிரேடிங்,tiretin,trtn,94,187,0,53571,
Tamil,புரொட்யூசர்,purotyucr,prtkr,90,189,0,53571,
Tamil,இன்ஃப்ராஸ்ட்ரக்சர்,inkprastrkcr,inkprstrkr,76,203,0,53571,
Tamil,ஃபுட்,kput,kpt,110,168,0,53571,
Tamil,டெக்,tek,tk,63,214,535,53571,
Tamil,இன்டர்நேஷனல்,intrnesnl,intrnsnl,67,208,527,53571,
Tamil,இன்ஃபோடெக்,inkpotek,inkptk,89,186,0,53571,
Tamil,ஐடி,aiti,at,85,184,0,53571,
Tamil,மேனேஜ்மெண்ட்,menejment,njnt,87,178,0,53571,
Tamil,எனர்ஜி,enrji,enrj,95,169,0,53571,
Tamil,குளோபல்,kulopl,klpl,80,184,485,53571,
Tamil,கன்சல்டிங்,kncltin,knkltn,105,158,0,53571,
Telugu,లిమిటెడ్,limited,lnt,51485,0,0,62356,limited
Telugu,ప్రైవేట్,praivet,prvt,0,44401,0,62356,private
Telugu,ఎల్ఎల్పీ,elelpi,elp,3495,0,0,62356,
Telugu,limited,limited,lnt,1622,0,0,62356,limited
Telugu,private,private,prvt,0,1365,0,62356,private
Telugu,కన్స్ట్రక్షన్స్,knstrksns,knstrksns,146,259,0,62356,
Telugu,ఇండస్ట్రీస్,imdstris,intstrs,115,285,0,62356,
Telugu,టెక్నాలజీస్,teknaljis,tknljs,124,270,0,62356,
Telugu,ఇంజనీరింగ్,imjnirimg,injnrnk,144,247,0,62356,
Telugu,సాఫ్ట్వేర్,saphtver,sftvr,134,228,0,62356,
Telugu,ట్రేడింగ్,tredimg,trtnk,111,242,0,62356,
Telugu,ఫుడ్స్,phuds,fts,120,219,0,62356,
Telugu,టెక్,tek,tk,91,248,557,62356,
Telugu,కన్సల్టెన్సీ,knsltensi,knsltns,100,238,0,62356,
Telugu,కేర్,ker,kr,112,222,0,62356,
Telugu,ఇన్వెస్ట్మెంట్,investmemt,invstnt,112,221,0,62356,
Telugu,మేనేజ్మెంట్,menejmemt,njnt,103,230,0,62356,
Telugu,ఫౌండేషన్,phaumdesn,fntsn,103,226,0,62356,
Telugu,టెక్నాలజీ,teknalji,tknlj,97,228,0,62356,
Telugu,pvt,pvt,pvt,0,324,0,62356,pvt
Telugu,ltd,ltd,lt,324,0,0,62356,ltd
Telugu,గ్లోబల్,globl,klpl,85,237,600,62356,
Telugu,ఇంటర్నేషనల్,imtrnesnl,intrnsnl,74,246,603,62356,
Telugu,ఐటీ,aiti,at,98,221,0,62356,
Telugu,ఎంటర్ప్రైజెస్,emtrpraijes,entrprjs,99,213,0,62356,
Telugu,హాస్పిటాలిటీ,haspitaliti,hsptlt,104,207,0,62356,
Telugu,డెవలపర్స్,devlprs,tvlprs,91,220,0,62356,
Telugu,కన్సల్టెంట్స్,knsltemts,knsltnts,98,208,0,62356,
Telugu,ఇన్ఫోటెక్,inphotek,inftk,86,220,0,62356,
Telugu,ఇన్వెస్ట్మెంట్స్,investmemts,invstnts,99,206,0,62356,
Kannada,ಲಿಮಿಟೆಡ್,limited,lnt,48968,0,0,59206,limited
Kannada,ಪ್ರೈವೇಟ್,praivet,prvt,0,41905,0,59206,private
Kannada,ಎಲ್ಎಲ್ಪಿ,elelpi,elp,3282,0,0,59206,
Kannada,limited,limited,lnt,1552,0,0,59206,limited
Kannada,private,private,prvt,0,1283,0,59206,private
Kannada,ಇಂಜಿನಿಯರಿಂಗ್,imjiniyrimg,injnrnk,139,284,0,59206,
Kannada,ಟೆಕ್ನಾಲಜೀಸ್,teknaljis,tknljs,131,266,0,59206,
Kannada,ಕನ್ಸ್ಟ್ರಕ್ಷನ್ಸ್,knstrksns,knstrksns,113,250,0,59206,
Kannada,ಫುಡ್ಸ್,phuds,fts,129,227,0,59206,
Kannada,ಟೆಕ್,tek,tk,98,251,598,59206,
Kannada,ಪ್ರಾಪರ್ಟೀಸ್,praprtis,prprts,105,243,0,59206,
Kannada,ಎಂಟರ್ಪ್ರೈಸಸ್,emtrpraiss,entrprs,93,250,0,59206,
Kannada,ಅಗ್ರೋ,agro,akr,77,251,0,59206,
Kannada,ಮ್ಯಾನೇಜ್ಮೆಂಟ್,myanejmemt,njnt,108,216,0,59206,
Kannada,ಕನ್ಸ್ಟ್ರಕ್ಷನ್,knstrksn,knstrksn,123,201,0,59206,
Kannada,ಕನ್ಸಲ್ಟೆಂಟ್ಸ್,knsltemts,knsltnts,78,245,0,59206,
Kannada,ಟ್ರೇಡಿಂಗ್,tredimg,trtnk,95,225,0,59206,
Kannada,ಗ್ಲೋಬಲ್,globl,klpl,96,222,497,59206,
Kannada,ಫೌಂಡೇಶನ್,phaumdesn,fntsn,99,219,0,59206,
Kannada,ಫೈನಾನ್ಸ್,phainans,fns,89,229,0,59206,
Kannada,ಸೊಲ್ಯೂಷನ್ಸ್,solyusns,slsns,92,222,0,59206,
Kannada,ಇಂಡಸ್ಟ್ರೀಸ್,imdstris,intstrs,96,217,0,59206,
Kannada,ಡೆವಲಪರ್ಸ್,devlprs,tvlprs,90,220,0,59206,
Kannada,ಇಂಟರ್ನ್ಯಾಷನಲ್,imtrnyasnl,intrnsnl,77,230,583,59206,
Kannada,ವೆಂಚರ್ಸ್,vemcrs,vnkrs,97,208,0,59206,
Kannada,ಇನ್ಫ್ರಾಸ್ಟ್ರಕ್ಚರ್,inphrastrkcr,infrstrkr,85,220,0,59206,
Kannada,ಕನ್ಸಲ್ಟಿಂಗ್,knsltimg,knsltnk,94,205,0,59206,
Kannada,ಸರ್ವಿಸಸ್,srviss,srvs,78,221,0,59206,
Kannada,ಎನರ್ಜಿ,enrji,enrj,84,214,0,59206,
Kannada,ಇಂಪೆಕ್ಸ್,impeks,inpks,97,200,0,59206,
Malayalam,ലിമിറ്റഡ്,limirrd,lnrt,24811,0,0,29889,
Malayalam,പ്രൈവറ്റ്,praivrr,prvr,0,21511,0,29889,
Malayalam,എൽഎൽപി,elelpi,elp,1631,0,0,29889,
Malayalam,limited,limited,lnt,796,0,0,29889,limited
Malayalam,private,private,prvt,0,672,0,29889,private
Malayalam,ഇൻഡസ്ട്രീസ്,indstris,intstrs,63,134,0,29889,
Malayalam,ടെക്,tek,tk,40,150,337,29889,
Malayalam,ഇന്റർനാഷണൽ,inrrnasnl,inrnsnl,36,142,276,29889,
Malayalam,ഗ്ലോബൽ,globl,klpl,37,138,301,29889,
Malayalam,ട്രേഡിംഗ്,tredimg,trtnk,60,112,0,29889,
Malayalam,എന്റർപ്രൈസസ്,enrrpraiss,enrprs,39,131,0,29889,
Malayalam,എൻജിനീയറിംഗ്,enjiniyrimg,enjnrnk,50,120,0,29889,
Malayalam,ടെക്നോളജീസ്,teknoljis,tknljs,51,118,0,29889,
Malayalam,ഫുഡ്സ്,phuds,fts,72,97,0,29889,
Malayalam,കൺസൾട്ടന്റ്സ്,knslttnrs,knsltnrs,49,118,0,29889,
Malayalam,കൺസൾട്ടിംഗ്,knslttimg,knsltnk,53,111,0,29889,
Malayalam,ബിൽഡേഴ്സ്,bildels,pltls,53,103,0,29889,
Malayalam,ഹോസ്പിറ്റാലിറ്റി,hospirralirri,hsprlr,38,118,0,29889,
Malayalam,ടെക്നോളജി,teknolji,tknlj,51,104,0,29889,
Malayalam,ഫൗണ്ടേഷൻ,phuntesn,fntsn,41,114,0,29889,
Malayalam,ഇൻഫ്ര,inphr,infr,55,99,0,29889,
Malayalam,കൺസ്ട്രക്ഷൻസ്,knstrksns,knstrksns,60,92,0,29889,
Malayalam,മാർക്കറ്റിംഗ്,markkrrimg,nrkrnk,41,110,0,29889,
Malayalam,കൺസ്ട്രക്ഷൻ,knstrksn,knstrksn,55,95,0,29889,
Malayalam,ഹെൽത്ത്കെയർ,helttkeyr,hltkr,57,93,0,29889,
Malayalam,പ്രൊഡക്ട്സ്,prodkts,prtkts,53,95,0,29889,
Malayalam,ഇംപെക്സ്,impeks,inpks,41,106,0,29889,
Malayalam,കെയർ,keyr,kr,52,94,0,29889,
Malayalam,ലോജിസ്റ്റിക്സ്,lojisrriks,ljsrks,39,106,0,29889,
Malayalam,എക്സ്പോർട്സ്,eksports,eksprts,41,103,0,29889,
