file,country,rows,duplicate_id_rows,malformed_ids,wrong_prefix,missing_name,missing_address,missing_country,name_edge_whitespace,address_edge_whitespace,name_repeated_whitespace,address_repeated_whitespace,non_ascii_name,non_ascii_address,devanagari_name,name_contains_combining_marks,address_contains_combining_marks,replacement_character_rows,control_character_rows,format_character_rows,name_placeholder_like,address_placeholder_like,empty_name_key,empty_address_key,address_without_ascii_digit,name_length_p50_p95_p99,name_max_length,address_length_p50_p95_p99,address_max_length
train_source1,India,883188,0,0,0,0,0,0,0,0,0,0,0,554,0,0,0,0,604,0,0,0,0,0,77036,"[27, 38, 43]",105,"[76, 116, 134]",256
train_source1,US,1323633,0,0,0,0,0,0,0,0,0,968,0,0,0,0,0,0,1,0,0,0,0,0,1,"[22, 35, 41]",68,"[34, 48, 55]",93
train_source2,India,2017799,0,0,0,0,57846,0,0,0,202528,24620,562437,478396,269424,474128,477521,0,1232,25643,0,0,0,57846,175215,"[27, 42, 49]",104,"[68, 110, 128]",249
train_source2,US,3016817,0,0,0,0,111121,0,0,0,351864,82954,202171,57,0,0,0,0,0,0,6,0,0,111121,295726,"[23, 39, 46]",87,"[32, 43, 49]",73
train_source3,India,2115547,0,0,0,0,64948,0,0,0,222899,0,391172,476536,158003,278095,475778,0,1072,14514,7,0,0,64948,210381,"[27, 43, 51]",123,"[58, 106, 126]",240
train_source3,US,3170056,0,0,0,0,110968,0,0,0,352717,4874,215565,52,0,0,0,0,0,0,11,0,0,110968,275925,"[23, 40, 49]",88,"[39, 53, 60]",104
test_source1,France,259452,0,0,0,0,0,0,0,0,0,281,40789,73335,0,0,0,0,2,0,0,0,0,0,1089,"[19, 29, 33]",50,"[48, 65, 78]",147
test_source1,India,809986,0,0,0,0,0,0,0,0,0,0,0,465,0,0,0,0,527,0,0,0,0,0,70748,"[27, 38, 43]",92,"[76, 116, 134]",268
test_source1,US,663106,0,0,0,0,0,0,0,0,0,472,0,0,0,0,0,0,0,0,0,0,0,0,1,"[22, 35, 41]",66,"[34, 48, 55]",92
test_source2,France,703378,0,0,0,0,21537,0,0,0,64090,568,172617,169163,0,0,0,0,2,0,45,0,0,21537,48193,"[20, 35, 41]",60,"[40, 59, 69]",136
test_source2,India,2312565,0,0,0,0,52764,0,0,0,225009,29205,638614,551461,309103,546373,550573,0,1363,31104,0,0,0,52764,161146,"[28, 44, 51]",102,"[68, 110, 128]",269
test_source2,US,1871330,0,0,0,0,55107,0,0,0,211138,52966,116927,41,0,0,0,0,0,0,4,0,0,55107,148691,"[24, 39, 47]",85,"[32, 43, 49]",75
test_source3,France,731615,0,0,0,0,21541,0,0,0,58135,42,175185,177914,0,0,0,0,5,0,48,0,0,21541,48398,"[20, 36, 43]",69,"[41, 60, 70]",139
test_source3,India,2405000,0,0,0,0,59240,0,0,0,248382,0,437903,551274,181068,320182,550483,0,1175,17468,11,0,0,59240,195311,"[28, 44, 52]",103,"[59, 106, 126]",267
test_source3,US,1945701,0,0,0,0,55317,0,0,0,213079,3084,124427,34,0,0,0,0,0,0,2,0,0,55317,137784,"[24, 41, 49]",85,"[39, 53, 60]",107
