config,dimension,value,links,missed,recall
baseline_v1_exact,all links,all,34562,24554,0.289567
baseline_v1_exact,country,India,13896,10743,0.226900
baseline_v1_exact,country,US,20666,13811,0.331704
baseline_v1_exact,cross_script,false,32185,22343,0.305795
baseline_v1_exact,cross_script,true,2377,2211,0.069836
baseline_v1_exact,error_type,01 exact name and address,464,0,1.000000
baseline_v1_exact,error_type,02 exact name, address differs,7094,0,1.000000
baseline_v1_exact,error_type,03 exact address, name differs,2450,0,1.000000
baseline_v1_exact,error_type,04 cross-script target name,2211,2211,0.000000
baseline_v1_exact,error_type,06 target address missing,1164,1164,0.000000
baseline_v1_exact,error_type,07 equal after v2 cleaning (name_core or address_canon),11020,11020,0.000000
baseline_v1_exact,error_type,08 fuzzy name or address,9468,9468,0.000000
baseline_v1_exact,error_type,09 weak partial evidence,641,641,0.000000
baseline_v1_exact,error_type,10 no shared textual evidence,50,50,0.000000
baseline_v1_exact,low_name_similarity,false,31210,21729,0.303781
baseline_v1_exact,low_name_similarity,true,3352,2825,0.157220
baseline_v1_exact,number_conflict,false,31212,21975,0.295944
baseline_v1_exact,number_conflict,true,3350,2579,0.230149
baseline_v1_exact,target_address_missing,false,32974,23382,0.290896
baseline_v1_exact,target_address_missing,true,1588,1172,0.261965
baseline_v1_exact,target_source,S2,16667,11531,0.308154
baseline_v1_exact,target_source,S3,17895,13023,0.272255
union_k20,all links,all,34562,1486,0.957005
union_k20,country,India,13896,722,0.948043
union_k20,country,US,20666,764,0.963031
union_k20,cross_script,false,32185,1183,0.963244
union_k20,cross_script,true,2377,303,0.872528
union_k20,error_type,01 exact name and address,464,0,1.000000
union_k20,error_type,02 exact name, address differs,7094,0,1.000000
union_k20,error_type,03 exact address, name differs,2450,0,1.000000
union_k20,error_type,04 cross-script target name,2211,303,0.862958
union_k20,error_type,06 target address missing,1164,390,0.664948
union_k20,error_type,07 equal after v2 cleaning (name_core or address_canon),11020,0,1.000000
union_k20,error_type,08 fuzzy name or address,9468,621,0.934411
union_k20,error_type,09 weak partial evidence,641,136,0.787832
union_k20,error_type,10 no shared textual evidence,50,36,0.280000
union_k20,low_name_similarity,false,31210,1120,0.964114
union_k20,low_name_similarity,true,3352,366,0.890811
union_k20,number_conflict,false,31212,1236,0.960400
union_k20,number_conflict,true,3350,250,0.925373
union_k20,target_address_missing,false,32974,1093,0.966853
union_k20,target_address_missing,true,1588,393,0.752519
union_k20,target_source,S2,16667,654,0.960761
union_k20,target_source,S3,17895,832,0.953507
union_k100,all links,all,34562,1008,0.970835
union_k100,country,India,13896,505,0.963659
union_k100,country,US,20666,503,0.975661
union_k100,cross_script,false,32185,777,0.975858
union_k100,cross_script,true,2377,231,0.902819
union_k100,error_type,01 exact name and address,464,0,1.000000
union_k100,error_type,02 exact name, address differs,7094,0,1.000000
union_k100,error_type,03 exact address, name differs,2450,0,1.000000
union_k100,error_type,04 cross-script target name,2211,231,0.895522
union_k100,error_type,06 target address missing,1164,318,0.726804
union_k100,error_type,07 equal after v2 cleaning (name_core or address_canon),11020,0,1.000000
union_k100,error_type,08 fuzzy name or address,9468,349,0.963139
union_k100,error_type,09 weak partial evidence,641,83,0.870515
union_k100,error_type,10 no shared textual evidence,50,27,0.460000
union_k100,low_name_similarity,false,31210,733,0.976514
union_k100,low_name_similarity,true,3352,275,0.917959
union_k100,number_conflict,false,31212,860,0.972446
union_k100,number_conflict,true,3350,148,0.955821
union_k100,target_address_missing,false,32974,687,0.979165
union_k100,target_address_missing,true,1588,321,0.797859
union_k100,target_source,S2,16667,432,0.974081
union_k100,target_source,S3,17895,576,0.967812
