country	token	lift	s1_share	s23_share	corpus
US	services	9.3	0.002143	0.019976	train text
US	service	5.6	0.001747	0.009754	train text
US	valley	9.4	0.000183	0.001712	train text
US	summit	9.6	0.000177	0.001705	train text
US	harbor	1704576.8	0.000000	0.001705	train text
US	coastal	1689868.2	0.000000	0.001690	train text
US	metro	1676776.0	0.000000	0.001677	train text
US	highland	1668209.4	0.000000	0.001668	train text
US	east	1488959.0	0.000000	0.001489	train text
US	north	1483140.2	0.000000	0.001483	train text
US	west	1464067.6	0.000000	0.001464	train text
US	south	1439337.8	0.000000	0.001439	train text
US	central	1431417.8	0.000000	0.001431	train text
US	westgate	1394727.2	0.000000	0.001395	train text
US	southside	1388423.5	0.000000	0.001388	train text
US	downtown	1384382.7	0.000000	0.001384	train text
US	greater	1382281.5	0.000000	0.001382	train text
US	uptown	1380665.2	0.000000	0.001381	train text
US	midtown	1373230.1	0.000000	0.001373	train text
US	northside	1358036.6	0.000000	0.001358	train text
US	eastgate	1357875.0	0.000000	0.001358	train text
US	riverside	1352217.8	0.000000	0.001352	train text
US	lakeside	1348661.9	0.000000	0.001349	train text
US	lnc	802020.7	0.000000	0.000802	train text
India	center	7.7	0.003627	0.028079	train text
India	services	12.8	0.001677	0.021451	train text
India	service	9332148.8	0.000000	0.009332	train text
India	infratech	2586524.3	0.000000	0.002587	train text
India	overseas	2547089.0	0.000000	0.002547	train text
India	public	1055319.3	0.000000	0.001055	train text
France	groupe	15.6	0.001160	0.018071	test text
France	fils	5.9	0.002937	0.017412	test text
France	participations	9629315.3	0.000000	0.009629	test text
France	international	9606318.6	0.000000	0.009606	test text
France	holding	9583322.0	0.000000	0.009583	test text
France	distribution	9548478.6	0.000000	0.009548	test text
France	services	7701082.9	0.000000	0.007701	test text
