country	token	docs	rows	share	corpus
US	care	41854	1323633	0.03162	train Source 1
US	of	36767	1323633	0.02778	train Source 1
US	associates	36226	1323633	0.02737	train Source 1
US	center	31814	1323633	0.02404	train Source 1
US	group	31333	1323633	0.02367	train Source 1
US	partners	29117	1323633	0.02200	train Source 1
US	health	26794	1323633	0.02024	train Source 1
US	clinic	21655	1323633	0.01636	train Source 1
US	medicine	17723	1323633	0.01339	train Source 1
US	pediatric	15608	1323633	0.01179	train Source 1
US	dental	13312	1323633	0.01006	train Source 1
US	family	12203	1323633	0.00922	train Source 1
US	global	11818	1323633	0.00893	train Source 1
US	specialists	11698	1323633	0.00884	train Source 1
US	physicians	10651	1323633	0.00805	train Source 1
US	capital	10525	1323633	0.00795	train Source 1
US	regional	8761	1323633	0.00662	train Source 1
US	blue	8708	1323633	0.00658	train Source 1
US	holdings	8253	1323633	0.00624	train Source 1
US	silver	8106	1323633	0.00612	train Source 1
US	golden	8024	1323633	0.00606	train Source 1
US	bright	7847	1323633	0.00593	train Source 1
US	first	7659	1323633	0.00579	train Source 1
US	union	7631	1323633	0.00577	train Source 1
US	therapy	7625	1323633	0.00576	train Source 1
US	smith	7564	1323633	0.00571	train Source 1
US	heritage	7518	1323633	0.00568	train Source 1
US	highland	7425	1323633	0.00561	train Source 1
US	summit	7397	1323633	0.00559	train Source 1
US	atlantic	7381	1323633	0.00558	train Source 1
US	fresh	7326	1323633	0.00553	train Source 1
US	creative	7282	1323633	0.00550	train Source 1
US	federal	7282	1323633	0.00550	train Source 1
US	green	7273	1323633	0.00549	train Source 1
US	mountain	7273	1323633	0.00549	train Source 1
US	pacific	7248	1323633	0.00548	train Source 1
US	national	7245	1323633	0.00547	train Source 1
US	cardiology	7227	1323633	0.00546	train Source 1
US	valley	7211	1323633	0.00545	train Source 1
US	alliance	7139	1323633	0.00539	train Source 1
US	state	7071	1323633	0.00534	train Source 1
US	american	7024	1323633	0.00531	train Source 1
US	continental	7006	1323633	0.00529	train Source 1
US	services	7001	1323633	0.00529	train Source 1
US	coastal	6976	1323633	0.00527	train Source 1
US	cascade	6971	1323633	0.00527	train Source 1
US	interstate	6964	1323633	0.00526	train Source 1
US	allied	6938	1323633	0.00524	train Source 1
US	ridge	6928	1323633	0.00523	train Source 1
US	liberty	6913	1323633	0.00522	train Source 1
US	harbor	6912	1323633	0.00522	train Source 1
US	church	6898	1323633	0.00521	train Source 1
US	dds	6872	1323633	0.00519	train Source 1
US	metro	6866	1323633	0.00519	train Source 1
US	rocky	6839	1323633	0.00517	train Source 1
US	metropolitan	6833	1323633	0.00516	train Source 1
US	great	6816	1323633	0.00515	train Source 1
US	empire	6786	1323633	0.00513	train Source 1
US	united	6785	1323633	0.00513	train Source 1
US	premier	6772	1323633	0.00512	train Source 1
US	all	6691	1323633	0.00506	train Source 1
US	patriot	6667	1323633	0.00504	train Source 1
US	vision	6663	1323633	0.00503	train Source 1
US	dynamic	6623	1323633	0.00500	train Source 1
US	physical	6565	1323633	0.00496	train Source 1
US	integrated	6552	1323633	0.00495	train Source 1
US	pinnacle	6520	1323633	0.00493	train Source 1
US	horizon	6516	1323633	0.00492	train Source 1
US	tri	6507	1323633	0.00492	train Source 1
US	strategic	6494	1323633	0.00491	train Source 1
US	works	6471	1323633	0.00489	train Source 1
US	superior	6467	1323633	0.00489	train Source 1
US	delta	6466	1323633	0.00489	train Source 1
US	sterling	6466	1323633	0.00489	train Source 1
US	chiropractic	6454	1323633	0.00488	train Source 1
US	apex	6422	1323633	0.00485	train Source 1
US	advanced	6396	1323633	0.00483	train Source 1
US	precision	6372	1323633	0.00481	train Source 1
US	piedmont	6339	1323633	0.00479	train Source 1
US	safe	6323	1323633	0.00478	train Source 1
US	keystone	6301	1323633	0.00476	train Source 1
US	frontier	6296	1323633	0.00476	train Source 1
US	prairie	6285	1323633	0.00475	train Source 1
US	bay	6277	1323633	0.00474	train Source 1
US	midwest	6273	1323633	0.00474	train Source 1
US	colonial	6254	1323633	0.00472	train Source 1
US	total	6208	1323633	0.00469	train Source 1
US	smart	6205	1323633	0.00469	train Source 1
US	best	6200	1323633	0.00468	train Source 1
US	star	6192	1323633	0.00468	train Source 1
US	gulf	6170	1323633	0.00466	train Source 1
US	eye	6158	1323633	0.00465	train Source 1
US	heartland	6117	1323633	0.00462	train Source 1
US	desert	6116	1323633	0.00462	train Source 1
US	anchor	6106	1323633	0.00461	train Source 1
US	express	6081	1323633	0.00459	train Source 1
US	select	6080	1323633	0.00459	train Source 1
US	prime	6074	1323633	0.00459	train Source 1
US	school	6046	1323633	0.00457	train Source 1
US	quality	6044	1323633	0.00457	train Source 1
US	johnson	6039	1323633	0.00456	train Source 1
US	better	6023	1323633	0.00455	train Source 1
US	unified	6022	1323633	0.00455	train Source 1
US	innovative	6013	1323633	0.00454	train Source 1
US	clean	6008	1323633	0.00454	train Source 1
US	choice	5992	1323633	0.00453	train Source 1
US	pioneer	5988	1323633	0.00452	train Source 1
US	vanguard	5986	1323633	0.00452	train Source 1
US	preferred	5962	1323633	0.00450	train Source 1
US	royal	5952	1323633	0.00450	train Source 1
US	platinum	5936	1323633	0.00448	train Source 1
US	reliable	5926	1323633	0.00448	train Source 1
US	trust	5916	1323633	0.00447	train Source 1
US	cornerstone	5915	1323633	0.00447	train Source 1
US	value	5915	1323633	0.00447	train Source 1
US	elite	5914	1323633	0.00447	train Source 1
US	direct	5902	1323633	0.00446	train Source 1
US	digital	5860	1323633	0.00443	train Source 1
US	institute	5846	1323633	0.00442	train Source 1
US	beacon	5800	1323633	0.00438	train Source 1
US	enterprises	5750	1323633	0.00434	train Source 1
US	signature	5701	1323633	0.00431	train Source 1
US	association	5669	1323633	0.00428	train Source 1
US	custom	5668	1323633	0.00428	train Source 1
US	ventures	5656	1323633	0.00427	train Source 1
US	industries	5606	1323633	0.00424	train Source 1
US	legacy	5602	1323633	0.00423	train Source 1
US	surgical	5597	1323633	0.00423	train Source 1
US	network	5595	1323633	0.00423	train Source 1
US	complete	5585	1323633	0.00422	train Source 1
US	classic	5584	1323633	0.00422	train Source 1
US	ace	5582	1323633	0.00422	train Source 1
US	grand	5573	1323633	0.00421	train Source 1
US	modern	5573	1323633	0.00421	train Source 1
US	local	5572	1323633	0.00421	train Source 1
US	peak	5565	1323633	0.00420	train Source 1
US	optimal	5541	1323633	0.00419	train Source 1
US	clear	5532	1323633	0.00418	train Source 1
US	oncology	5526	1323633	0.00417	train Source 1
US	certified	5518	1323633	0.00417	train Source 1
US	crystal	5499	1323633	0.00415	train Source 1
US	supreme	5481	1323633	0.00414	train Source 1
US	trusted	5474	1323633	0.00414	train Source 1
US	diamond	5467	1323633	0.00413	train Source 1
US	rapid	5458	1323633	0.00412	train Source 1
US	international	5395	1323633	0.00408	train Source 1
US	secure	5363	1323633	0.00405	train Source 1
US	dermatology	5336	1323633	0.00403	train Source 1
US	ear	5263	1323633	0.00398	train Source 1
US	nose	5262	1323633	0.00398	train Source 1
US	throat	5262	1323633	0.00398	train Source 1
US	ankle	5242	1323633	0.00396	train Source 1
US	foot	5242	1323633	0.00396	train Source 1
US	behavioral	5215	1323633	0.00394	train Source 1
US	primary	5204	1323633	0.00393	train Source 1
US	dentistry	5203	1323633	0.00393	train Source 1
US	womens	5163	1323633	0.00390	train Source 1
US	orthopedic	5122	1323633	0.00387	train Source 1
US	internal	5081	1323633	0.00384	train Source 1
US	auto	5066	1323633	0.00383	train Source 1
US	urgent	5030	1323633	0.00380	train Source 1
US	williams	4999	1323633	0.00378	train Source 1
US	urology	4967	1323633	0.00375	train Source 1
US	solutions	4894	1323633	0.00370	train Source 1
US	worldwide	4847	1323633	0.00366	train Source 1
US	jones	4622	1323633	0.00349	train Source 1
US	medical	4620	1323633	0.00349	train Source 1
US	ministries	4608	1323633	0.00348	train Source 1
US	fellowship	4562	1323633	0.00345	train Source 1
US	environmental	4501	1323633	0.00340	train Source 1
US	brown	4444	1323633	0.00336	train Source 1
US	fund	4363	1323633	0.00330	train Source 1
US	systems	4273	1323633	0.00323	train Source 1
US	service	4260	1323633	0.00322	train Source 1
US	laboratories	4137	1323633	0.00313	train Source 1
US	networks	4135	1323633	0.00312	train Source 1
US	studios	4105	1323633	0.00310	train Source 1
US	technologies	4050	1323633	0.00306	train Source 1
US	community	3997	1323633	0.00302	train Source 1
US	academy	3960	1323633	0.00299	train Source 1
US	realty	3919	1323633	0.00296	train Source 1
US	management	3894	1323633	0.00294	train Source 1
US	education	3867	1323633	0.00292	train Source 1
US	guild	3852	1323633	0.00291	train Source 1
US	league	3847	1323633	0.00291	train Source 1
US	program	3839	1323633	0.00290	train Source 1
US	initiative	3835	1323633	0.00290	train Source 1
US	council	3833	1323633	0.00290	train Source 1
US	coalition	3831	1323633	0.00289	train Source 1
US	society	3788	1323633	0.00286	train Source 1
US	charities	3784	1323633	0.00286	train Source 1
US	consultants	3770	1323633	0.00285	train Source 1
US	federation	3761	1323633	0.00284	train Source 1
US	foundation	3738	1323633	0.00282	train Source 1
US	project	3724	1323633	0.00281	train Source 1
US	cleaning	3722	1323633	0.00281	train Source 1
US	west	3704	1323633	0.00280	train Source 1
US	city	3689	1323633	0.00279	train Source 1
US	committee	3679	1323633	0.00278	train Source 1
US	office	3650	1323633	0.00276	train Source 1
US	advisors	3545	1323633	0.00268	train Source 1
US	dynamics	3520	1323633	0.00266	train Source 1
US	animal	3506	1323633	0.00265	train Source 1
US	products	3472	1323633	0.00262	train Source 1
US	cure	3467	1323633	0.00262	train Source 1
US	garcia	3451	1323633	0.00261	train Source 1
US	studio	3425	1323633	0.00259	train Source 1
US	miller	3392	1323633	0.00256	train Source 1
US	innovations	3389	1323633	0.00256	train Source 1
US	street	3375	1323633	0.00255	train Source 1
US	concepts	3361	1323633	0.00254	train Source 1
US	labs	3359	1323633	0.00254	train Source 1
US	collective	3358	1323633	0.00254	train Source 1
US	davis	3329	1323633	0.00252	train Source 1
US	brands	3320	1323633	0.00251	train Source 1
India	india	59420	883188	0.06728	train Source 1
India	services	24128	883188	0.02732	train Source 1
India	solutions	21443	883188	0.02428	train Source 1
India	brothers	20433	883188	0.02314	train Source 1
India	trading	20303	883188	0.02299	train Source 1
India	technologies	16531	883188	0.01872	train Source 1
India	international	15356	883188	0.01739	train Source 1
India	foundation	14010	883188	0.01586	train Source 1
India	global	13663	883188	0.01547	train Source 1
India	industries	13172	883188	0.01491	train Source 1
India	tech	13108	883188	0.01484	train Source 1
India	enterprises	12145	883188	0.01375	train Source 1
India	consultants	12119	883188	0.01372	train Source 1
India	technology	11953	883188	0.01353	train Source 1
India	consultancy	11807	883188	0.01337	train Source 1
India	developers	11663	883188	0.01321	train Source 1
India	ventures	11533	883188	0.01306	train Source 1
India	traders	11378	883188	0.01288	train Source 1
India	care	11037	883188	0.01250	train Source 1
India	marketing	10976	883188	0.01243	train Source 1
India	sons	10746	883188	0.01217	train Source 1
India	agro	10656	883188	0.01207	train Source 1
India	engineering	10243	883188	0.01160	train Source 1
India	producer	10202	883188	0.01155	train Source 1
India	management	10137	883188	0.01148	train Source 1
India	infra	9994	883188	0.01132	train Source 1
India	new	9954	883188	0.01127	train Source 1
India	foods	9866	883188	0.01117	train Source 1
India	products	9825	883188	0.01112	train Source 1
India	finance	9715	883188	0.01100	train Source 1
India	systems	9506	883188	0.01076	train Source 1
India	projects	9402	883188	0.01065	train Source 1
India	consulting	9205	883188	0.01042	train Source 1
India	infrastructure	9114	883188	0.01032	train Source 1
India	construction	9035	883188	0.01023	train Source 1
India	builders	9034	883188	0.01023	train Source 1
India	software	9028	883188	0.01022	train Source 1
India	group	9025	883188	0.01022	train Source 1
India	energy	9004	883188	0.01019	train Source 1
India	exports	8846	883188	0.01002	train Source 1
India	media	8798	883188	0.00996	train Source 1
India	delhi	8793	883188	0.00996	train Source 1
India	properties	8690	883188	0.00984	train Source 1
India	healthcare	8637	883188	0.00978	train Source 1
India	constructions	8263	883188	0.00936	train Source 1
India	power	8183	883188	0.00927	train Source 1
India	business	8182	883188	0.00926	train Source 1
India	trust	8130	883188	0.00921	train Source 1
India	infotech	8116	883188	0.00919	train Source 1
India	it	8049	883188	0.00911	train Source 1
India	shree	7993	883188	0.00905	train Source 1
India	impex	7968	883188	0.00902	train Source 1
India	hospitality	7956	883188	0.00901	train Source 1
India	logistics	7893	883188	0.00894	train Source 1
India	food	7752	883188	0.00878	train Source 1
India	investment	7711	883188	0.00873	train Source 1
India	investments	7667	883188	0.00868	train Source 1
India	estate	7651	883188	0.00866	train Source 1
India	public	7234	883188	0.00819	train Source 1
India	of	6988	883188	0.00791	train Source 1
India	associates	6578	883188	0.00745	train Source 1
India	institute	6236	883188	0.00706	train Source 1
India	city	6089	883188	0.00689	train Source 1
India	partners	5835	883188	0.00661	train Source 1
India	clinic	5834	883188	0.00661	train Source 1
India	mumbai	5733	883188	0.00649	train Source 1
India	green	5724	883188	0.00648	train Source 1
India	society	5629	883188	0.00637	train Source 1
India	school	5571	883188	0.00631	train Source 1
India	sai	5451	883188	0.00617	train Source 1
India	real	5199	883188	0.00589	train Source 1
India	north	5026	883188	0.00569	train Source 1
India	digital	4941	883188	0.00559	train Source 1
India	life	4903	883188	0.00555	train Source 1
India	south	4885	883188	0.00553	train Source 1
India	east	4785	883188	0.00542	train Source 1
India	blue	4606	883188	0.00522	train Source 1
India	jai	4585	883188	0.00519	train Source 1
India	om	4575	883188	0.00518	train Source 1
India	star	4568	883188	0.00517	train Source 1
India	maa	4544	883188	0.00514	train Source 1
India	krishna	4447	883188	0.00504	train Source 1
India	balaji	4398	883188	0.00498	train Source 1
India	golden	4381	883188	0.00496	train Source 1
India	royal	4375	883188	0.00495	train Source 1
India	vision	4297	883188	0.00487	train Source 1
India	sree	4295	883188	0.00486	train Source 1
India	hotel	4254	883188	0.00482	train Source 1
India	super	4242	883188	0.00480	train Source 1
India	smart	4237	883188	0.00480	train Source 1
India	gold	4224	883188	0.00478	train Source 1
India	ram	4219	883188	0.00478	train Source 1
India	bangalore	4207	883188	0.00476	train Source 1
India	sun	4190	883188	0.00474	train Source 1
India	indian	4159	883188	0.00471	train Source 1
India	dream	4134	883188	0.00468	train Source 1
India	future	4127	883188	0.00467	train Source 1
India	urban	4067	883188	0.00460	train Source 1
India	one	4060	883188	0.00460	train Source 1
India	white	4053	883188	0.00459	train Source 1
India	prime	4049	883188	0.00458	train Source 1
India	lakshmi	4048	883188	0.00458	train Source 1
India	raj	4045	883188	0.00458	train Source 1
India	jay	4040	883188	0.00457	train Source 1
India	creative	4028	883188	0.00456	train Source 1
India	shakti	4028	883188	0.00456	train Source 1
India	laxmi	4025	883188	0.00456	train Source 1
India	united	4022	883188	0.00455	train Source 1
India	surya	4017	883188	0.00455	train Source 1
India	bharat	4013	883188	0.00454	train Source 1
India	innovative	4013	883188	0.00454	train Source 1
India	aditya	4007	883188	0.00454	train Source 1
India	shiv	4007	883188	0.00454	train Source 1
India	unique	3998	883188	0.00453	train Source 1
India	seven	3987	883188	0.00451	train Source 1
India	silver	3966	883188	0.00449	train Source 1
India	guru	3962	883188	0.00449	train Source 1
India	sky	3959	883188	0.00448	train Source 1
India	tirupati	3944	883188	0.00447	train Source 1
India	bombay	3942	883188	0.00446	train Source 1
India	ace	3940	883188	0.00446	train Source 1
India	al	3939	883188	0.00446	train Source 1
India	universal	3939	883188	0.00446	train Source 1
India	indo	3938	883188	0.00446	train Source 1
India	high	3935	883188	0.00446	train Source 1
India	shiva	3922	883188	0.00444	train Source 1
India	baba	3915	883188	0.00443	train Source 1
India	anand	3914	883188	0.00443	train Source 1
India	gujarat	3911	883188	0.00443	train Source 1
India	first	3910	883188	0.00443	train Source 1
India	classic	3905	883188	0.00442	train Source 1
India	pioneer	3904	883188	0.00442	train Source 1
India	my	3903	883188	0.00442	train Source 1
India	best	3902	883188	0.00442	train Source 1
India	galaxy	3901	883188	0.00442	train Source 1
India	eastern	3897	883188	0.00441	train Source 1
India	modern	3890	883188	0.00440	train Source 1
India	premier	3889	883188	0.00440	train Source 1
India	southern	3887	883188	0.00440	train Source 1
India	dynamic	3883	883188	0.00440	train Source 1
India	lotus	3875	883188	0.00439	train Source 1
India	perfect	3868	883188	0.00438	train Source 1
India	hitech	3866	883188	0.00438	train Source 1
India	sunrise	3865	883188	0.00438	train Source 1
India	jain	3862	883188	0.00437	train Source 1
India	apex	3851	883188	0.00436	train Source 1
India	hari	3840	883188	0.00435	train Source 1
India	shyam	3839	883188	0.00435	train Source 1
India	all	3834	883188	0.00434	train Source 1
India	red	3829	883188	0.00434	train Source 1
India	bright	3821	883188	0.00433	train Source 1
India	shivam	3809	883188	0.00431	train Source 1
India	fortune	3807	883188	0.00431	train Source 1
India	vijay	3807	883188	0.00431	train Source 1
India	swastik	3800	883188	0.00430	train Source 1
India	good	3799	883188	0.00430	train Source 1
India	black	3784	883188	0.00428	train Source 1
India	big	3780	883188	0.00428	train Source 1
India	supreme	3756	883188	0.00425	train Source 1
India	alpha	3751	883188	0.00425	train Source 1
India	arihant	3747	883188	0.00424	train Source 1
India	great	3728	883188	0.00422	train Source 1
India	ss	3701	883188	0.00419	train Source 1
India	home	3522	883188	0.00399	train Source 1
India	centre	3502	883188	0.00397	train Source 1
India	center	3447	883188	0.00390	train Source 1
India	academy	3410	883188	0.00386	train Source 1
India	medical	3325	883188	0.00376	train Source 1
India	hospital	3300	883188	0.00374	train Source 1
India	educational	3272	883188	0.00370	train Source 1
India	kolkata	3212	883188	0.00364	train Source 1
India	advisors	3180	883188	0.00360	train Source 1
India	welfare	3149	883188	0.00357	train Source 1
India	pune	2971	883188	0.00336	train Source 1
India	holdings	2849	883188	0.00323	train Source 1
India	vidyalaya	2846	883188	0.00322	train Source 1
India	seva	2842	883188	0.00322	train Source 1
India	nursing	2836	883188	0.00321	train Source 1
India	polytechnic	2829	883188	0.00320	train Source 1
India	charitable	2774	883188	0.00314	train Source 1
India	sangh	2763	883188	0.00313	train Source 1
India	memorial	2744	883188	0.00311	train Source 1
India	college	2728	883188	0.00309	train Source 1
India	samiti	2654	883188	0.00301	train Source 1
India	law	2490	883188	0.00282	train Source 1
India	chambers	2422	883188	0.00274	train Source 1
India	chennai	2237	883188	0.00253	train Source 1
India	hyderabad	2219	883188	0.00251	train Source 1
France	club	22672	259452	0.08738	test Source 1 (unlabeled test text; no French training data exists)
France	france	20793	259452	0.08014	test Source 1 (unlabeled test text; no French training data exists)
France	de	17268	259452	0.06656	test Source 1 (unlabeled test text; no French training data exists)
France	amicale	14389	259452	0.05546	test Source 1 (unlabeled test text; no French training data exists)
France	ecole	10995	259452	0.04238	test Source 1 (unlabeled test text; no French training data exists)
France	maison	10839	259452	0.04178	test Source 1 (unlabeled test text; no French training data exists)
France	du	10728	259452	0.04135	test Source 1 (unlabeled test text; no French training data exists)
France	centre	10518	259452	0.04054	test Source 1 (unlabeled test text; no French training data exists)
France	comite	9957	259452	0.03838	test Source 1 (unlabeled test text; no French training data exists)
France	union	8630	259452	0.03326	test Source 1 (unlabeled test text; no French training data exists)
France	sportive	8234	259452	0.03174	test Source 1 (unlabeled test text; no French training data exists)
France	des	7835	259452	0.03020	test Source 1 (unlabeled test text; no French training data exists)
France	amis	6915	259452	0.02665	test Source 1 (unlabeled test text; no French training data exists)
France	primaire	6716	259452	0.02589	test Source 1 (unlabeled test text; no French training data exists)
France	pharmacie	5962	259452	0.02298	test Source 1 (unlabeled test text; no French training data exists)
France	saint	5611	259452	0.02163	test Source 1 (unlabeled test text; no French training data exists)
France	la	5379	259452	0.02073	test Source 1 (unlabeled test text; no French training data exists)
France	parents	5319	259452	0.02050	test Source 1 (unlabeled test text; no French training data exists)
France	ets	5307	259452	0.02045	test Source 1 (unlabeled test text; no French training data exists)
France	établissements	5176	259452	0.01995	test Source 1 (unlabeled test text; no French training data exists)
France	bordeaux	5169	259452	0.01992	test Source 1 (unlabeled test text; no French training data exists)
France	fils	5095	259452	0.01964	test Source 1 (unlabeled test text; no French training data exists)
France	frères	5073	259452	0.01955	test Source 1 (unlabeled test text; no French training data exists)
France	maternelle	4981	259452	0.01920	test Source 1 (unlabeled test text; no French training data exists)
France	école	4673	259452	0.01801	test Source 1 (unlabeled test text; no French training data exists)
France	nantes	4465	259452	0.01721	test Source 1 (unlabeled test text; no French training data exists)
France	lille	4204	259452	0.01620	test Source 1 (unlabeled test text; no French training data exists)
France	sainte	4181	259452	0.01611	test Source 1 (unlabeled test text; no French training data exists)
France	societe	4081	259452	0.01573	test Source 1 (unlabeled test text; no French training data exists)
France	association	4008	259452	0.01545	test Source 1 (unlabeled test text; no French training data exists)
France	collège	3980	259452	0.01534	test Source 1 (unlabeled test text; no French training data exists)
France	fédération	3881	259452	0.01496	test Source 1 (unlabeled test text; no French training data exists)
France	comité	3875	259452	0.01494	test Source 1 (unlabeled test text; no French training data exists)
France	fetes	3847	259452	0.01483	test Source 1 (unlabeled test text; no French training data exists)
France	institut	3787	259452	0.01460	test Source 1 (unlabeled test text; no French training data exists)
France	anciens	3560	259452	0.01372	test Source 1 (unlabeled test text; no French training data exists)
France	compagnie	3514	259452	0.01354	test Source 1 (unlabeled test text; no French training data exists)
France	ehpad	3471	259452	0.01338	test Source 1 (unlabeled test text; no French training data exists)
France	loisirs	3467	259452	0.01336	test Source 1 (unlabeled test text; no French training data exists)
France	lycée	3311	259452	0.01276	test Source 1 (unlabeled test text; no French training data exists)
France	sante	3118	259452	0.01202	test Source 1 (unlabeled test text; no French training data exists)
France	college	3079	259452	0.01187	test Source 1 (unlabeled test text; no French training data exists)
France	culturelle	2890	259452	0.01114	test Source 1 (unlabeled test text; no French training data exists)
France	federation	2789	259452	0.01075	test Source 1 (unlabeled test text; no French training data exists)
France	clinique	2780	259452	0.01071	test Source 1 (unlabeled test text; no French training data exists)
France	jeunes	2738	259452	0.01055	test Source 1 (unlabeled test text; no French training data exists)
France	sport	2729	259452	0.01052	test Source 1 (unlabeled test text; no French training data exists)
France	groupement	2724	259452	0.01050	test Source 1 (unlabeled test text; no French training data exists)
France	santé	2505	259452	0.00965	test Source 1 (unlabeled test text; no French training data exists)
France	hospitalier	2443	259452	0.00942	test Source 1 (unlabeled test text; no French training data exists)
France	foyer	2438	259452	0.00940	test Source 1 (unlabeled test text; no French training data exists)
France	médical	2342	259452	0.00903	test Source 1 (unlabeled test text; no French training data exists)
France	culture	2289	259452	0.00882	test Source 1 (unlabeled test text; no French training data exists)
France	tourcoing	2174	259452	0.00838	test Source 1 (unlabeled test text; no French training data exists)
France	section	2164	259452	0.00834	test Source 1 (unlabeled test text; no French training data exists)
France	élémentaire	2142	259452	0.00826	test Source 1 (unlabeled test text; no French training data exists)
France	deleves	2118	259452	0.00816	test Source 1 (unlabeled test text; no French training data exists)
France	dunkerque	2112	259452	0.00814	test Source 1 (unlabeled test text; no French training data exists)
France	groupe	2072	259452	0.00799	test Source 1 (unlabeled test text; no French training data exists)
France	roubaix	2055	259452	0.00792	test Source 1 (unlabeled test text; no French training data exists)
France	calais	1955	259452	0.00754	test Source 1 (unlabeled test text; no French training data exists)
France	collectif	1938	259452	0.00747	test Source 1 (unlabeled test text; no French training data exists)
France	service	1799	259452	0.00693	test Source 1 (unlabeled test text; no French training data exists)
France	lycee	1786	259452	0.00688	test Source 1 (unlabeled test text; no French training data exists)
France	jean	1713	259452	0.00660	test Source 1 (unlabeled test text; no French training data exists)
France	nazaire	1672	259452	0.00644	test Source 1 (unlabeled test text; no French training data exists)
France	team	1663	259452	0.00641	test Source 1 (unlabeled test text; no French training data exists)
France	chasse	1564	259452	0.00603	test Source 1 (unlabeled test text; no French training data exists)
France	gestion	1546	259452	0.00596	test Source 1 (unlabeled test text; no French training data exists)
France	pessac	1469	259452	0.00566	test Source 1 (unlabeled test text; no French training data exists)
France	residence	1433	259452	0.00552	test Source 1 (unlabeled test text; no French training data exists)
France	danse	1426	259452	0.00550	test Source 1 (unlabeled test text; no French training data exists)
France	patrimoine	1407	259452	0.00542	test Source 1 (unlabeled test text; no French training data exists)
France	musique	1405	259452	0.00542	test Source 1 (unlabeled test text; no French training data exists)
France	teste	1360	259452	0.00524	test Source 1 (unlabeled test text; no French training data exists)
France	buch	1359	259452	0.00524	test Source 1 (unlabeled test text; no French training data exists)
France	communale	1342	259452	0.00517	test Source 1 (unlabeled test text; no French training data exists)
France	mérignac	1292	259452	0.00498	test Source 1 (unlabeled test text; no French training data exists)
France	services	1229	259452	0.00474	test Source 1 (unlabeled test text; no French training data exists)
France	cap	1205	259452	0.00464	test Source 1 (unlabeled test text; no French training data exists)
France	theatre	1149	259452	0.00443	test Source 1 (unlabeled test text; no French training data exists)
France	cercle	1100	259452	0.00424	test Source 1 (unlabeled test text; no French training data exists)
France	conseil	1036	259452	0.00399	test Source 1 (unlabeled test text; no French training data exists)
France	atelier	1006	259452	0.00388	test Source 1 (unlabeled test text; no French training data exists)
France	ferret	992	259452	0.00382	test Source 1 (unlabeled test text; no French training data exists)
France	lège	989	259452	0.00381	test Source 1 (unlabeled test text; no French training data exists)
France	pornic	980	259452	0.00378	test Source 1 (unlabeled test text; no French training data exists)
France	publique	963	259452	0.00371	test Source 1 (unlabeled test text; no French training data exists)
France	pierre	957	259452	0.00369	test Source 1 (unlabeled test text; no French training data exists)
France	soins	937	259452	0.00361	test Source 1 (unlabeled test text; no French training data exists)
France	defense	918	259452	0.00354	test Source 1 (unlabeled test text; no French training data exists)
France	nationale	908	259452	0.00350	test Source 1 (unlabeled test text; no French training data exists)
France	baule	879	259452	0.00339	test Source 1 (unlabeled test text; no French training data exists)
France	sapeurs	878	259452	0.00338	test Source 1 (unlabeled test text; no French training data exists)
France	escoublac	876	259452	0.00338	test Source 1 (unlabeled test text; no French training data exists)
France	herblain	859	259452	0.00331	test Source 1 (unlabeled test text; no French training data exists)
France	notre	848	259452	0.00327	test Source 1 (unlabeled test text; no French training data exists)
France	developpement	815	259452	0.00314	test Source 1 (unlabeled test text; no French training data exists)
France	tennis	802	259452	0.00309	test Source 1 (unlabeled test text; no French training data exists)
France	culturel	792	259452	0.00305	test Source 1 (unlabeled test text; no French training data exists)
France	dame	764	259452	0.00294	test Source 1 (unlabeled test text; no French training data exists)
France	sportif	728	259452	0.00281	test Source 1 (unlabeled test text; no French training data exists)
France	departemental	726	259452	0.00280	test Source 1 (unlabeled test text; no French training data exists)
France	marie	703	259452	0.00271	test Source 1 (unlabeled test text; no French training data exists)
France	ateliers	701	259452	0.00270	test Source 1 (unlabeled test text; no French training data exists)
France	auto	668	259452	0.00257	test Source 1 (unlabeled test text; no French training data exists)
